run_id,scenario,policy_tag,t_global,healthcare_budget,social_service_budget,sw_id,x,y,target_peh_idx
run_001,policy_inclusive_healthcare,eval_policyOFF,0,5000.0,5000.0,0,3,2,2
run_001,policy_inclusive_healthcare,eval_policyOFF,0,5000.0,5000.0,1,5,6,5
run_001,policy_inclusive_healthcare,eval_policyOFF,0,5000.0,5000.0,2,2,6,7
run_001,policy_inclusive_healthcare,eval_policyOFF,0,5000.0,5000.0,3,2,4,2
run_001,policy_inclusive_healthcare,eval_policyOFF,0,5000.0,5000.0,4,0,2,0
run_001,policy_inclusive_healthcare,eval_policyOFF,0,5000.0,5000.0,5,1,2,4
run_001,policy_inclusive_healthcare,eval_policyOFF,0,5000.0,5000.0,6,3,6,7
run_001,policy_inclusive_healthcare,eval_policyOFF,0,5000.0,5000.0,7,1,4,4
run_001,policy_inclusive_healthcare,eval_policyOFF,0,5000.0,5000.0,8,3,5,6
run_001,policy_inclusive_healthcare,eval_policyOFF,0,5000.0,5000.0,9,2,6,7
run_001,policy_inclusive_healthcare,eval_policyOFF,0,5000.0,5000.0,10,2,2,2
run_001,policy_inclusive_healthcare,eval_policyOFF,0,5000.0,5000.0,11,3,2,4
run_001,policy_inclusive_healthcare,eval_policyOFF,0,5000.0,5000.0,12,2,6,7
run_001,policy_inclusive_healthcare,eval_policyOFF,0,5000.0,5000.0,13,6,5,5
run_001,policy_inclusive_healthcare,eval_policyOFF,0,5000.0,5000.0,14,5,6,5
run_001,policy_inclusive_healthcare,eval_policyOFF,1,5000.0,4990.0,0,3,2,2
run_001,policy_inclusive_healthcare,eval_policyOFF,1,5000.0,4990.0,1,5,6,5
run_001,policy_inclusive_healthcare,eval_policyOFF,1,5000.0,4990.0,2,2,6,7
run_001,policy_inclusive_healthcare,eval_policyOFF,1,5000.0,4990.0,3,2,4,2
run_001,policy_inclusive_healthcare,eval_policyOFF,1,5000.0,4990.0,4,0,3,0
run_001,policy_inclusive_healthcare,eval_policyOFF,1,5000.0,4990.0,5,2,2,4
run_001,policy_inclusive_healthcare,eval_policyOFF,1,5000.0,4990.0,6,2,6,7
run_001,policy_inclusive_healthcare,eval_policyOFF,1,5000.0,4990.0,7,2,4,4
run_001,policy_inclusive_healthcare,eval_policyOFF,1,5000.0,4990.0,8,3,5,6
run_001,policy_inclusive_healthcare,eval_policyOFF,1,5000.0,4990.0,9,2,6,7
run_001,policy_inclusive_healthcare,eval_policyOFF,1,5000.0,4990.0,10,3,2,2
run_001,policy_inclusive_healthcare,eval_policyOFF,1,5000.0,4990.0,11,2,2,4
run_001,policy_inclusive_healthcare,eval_policyOFF,1,5000.0,4990.0,12,2,6,7
run_001,policy_inclusive_healthcare,eval_policyOFF,1,5000.0,4990.0,13,6,5,5
run_001,policy_inclusive_healthcare,eval_policyOFF,1,5000.0,4990.0,14,5,6,5
run_001,policy_inclusive_healthcare,eval_policyOFF,2,5000.0,4980.0,0,3,2,2
run_001,policy_inclusive_healthcare,eval_policyOFF,2,5000.0,4980.0,1,5,6,5
run_001,policy_inclusive_healthcare,eval_policyOFF,2,5000.0,4980.0,2,2,6,7
run_001,policy_inclusive_healthcare,eval_policyOFF,2,5000.0,4980.0,3,2,4,2
run_001,policy_inclusive_healthcare,eval_policyOFF,2,5000.0,4980.0,4,0,3,0
run_001,policy_inclusive_healthcare,eval_policyOFF,2,5000.0,4980.0,5,2,2,4
run_001,policy_inclusive_healthcare,eval_policyOFF,2,5000.0,4980.0,6,2,6,7
run_001,policy_inclusive_healthcare,eval_policyOFF,2,5000.0,4980.0,7,2,4,4
run_001,policy_inclusive_healthcare,eval_policyOFF,2,5000.0,4980.0,8,3,5,6
run_001,policy_inclusive_healthcare,eval_policyOFF,2,5000.0,4980.0,9,2,6,7
run_001,policy_inclusive_healthcare,eval_policyOFF,2,5000.0,4980.0,10,3,2,2
run_001,policy_inclusive_healthcare,eval_policyOFF,2,5000.0,4980.0,11,2,2,4
run_001,policy_inclusive_healthcare,eval_policyOFF,2,5000.0,4980.0,12,2,6,7
run_001,policy_inclusive_healthcare,eval_policyOFF,2,5000.0,4980.0,13,6,5,5
run_001,policy_inclusive_healthcare,eval_policyOFF,2,5000.0,4980.0,14,5,6,5
run_001,policy_inclusive_healthcare,eval_policyOFF,3,5000.0,4970.0,0,3,2,2
run_001,policy_inclusive_healthcare,eval_policyOFF,3,5000.0,4970.0,1,5,6,5
run_001,policy_inclusive_healthcare,eval_policyOFF,3,5000.0,4970.0,2,2,6,7
run_001,policy_inclusive_healthcare,eval_policyOFF,3,5000.0,4970.0,3,2,4,2
run_001,policy_inclusive_healthcare,eval_policyOFF,3,5000.0,4970.0,4,0,3,0
run_001,policy_inclusive_healthcare,eval_policyOFF,3,5000.0,4970.0,5,2,2,4
run_001,policy_inclusive_healthcare,eval_policyOFF,3,5000.0,4970.0,6,2,6,7
run_001,policy_inclusive_healthcare,eval_policyOFF,3,5000.0,4970.0,7,2,4,4
run_001,policy_inclusive_healthcare,eval_policyOFF,3,5000.0,4970.0,8,3,5,6
run_001,policy_inclusive_healthcare,eval_policyOFF,3,5000.0,4970.0,9,2,6,7
run_001,policy_inclusive_healthcare,eval_policyOFF,3,5000.0,4970.0,10,3,2,2
run_001,policy_inclusive_healthcare,eval_policyOFF,3,5000.0,4970.0,11,2,2,4
run_001,policy_inclusive_healthcare,eval_policyOFF,3,5000.0,4970.0,12,2,6,7
run_001,policy_inclusive_healthcare,eval_policyOFF,3,5000.0,4970.0,13,6,5,5
run_001,policy_inclusive_healthcare,eval_policyOFF,3,5000.0,4970.0,14,5,6,5
run_001,policy_inclusive_healthcare,eval_policyOFF,4,5000.0,4960.0,0,3,2,2
run_001,policy_inclusive_healthcare,eval_policyOFF,4,5000.0,4960.0,1,5,6,5
run_001,policy_inclusive_healthcare,eval_policyOFF,4,5000.0,4960.0,2,2,6,7
run_001,policy_inclusive_healthcare,eval_policyOFF,4,5000.0,4960.0,3,2,4,2
run_001,policy_inclusive_healthcare,eval_policyOFF,4,5000.0,4960.0,4,0,3,0
run_001,policy_inclusive_healthcare,eval_policyOFF,4,5000.0,4960.0,5,2,2,4
run_001,policy_inclusive_healthcare,eval_policyOFF,4,5000.0,4960.0,6,2,6,7
run_001,policy_inclusive_healthcare,eval_policyOFF,4,5000.0,4960.0,7,2,4,4
run_001,policy_inclusive_healthcare,eval_policyOFF,4,5000.0,4960.0,8,3,5,6
run_001,policy_inclusive_healthcare,eval_policyOFF,4,5000.0,4960.0,9,2,6,7
run_001,policy_inclusive_healthcare,eval_policyOFF,4,5000.0,4960.0,10,3,2,2
run_001,policy_inclusive_healthcare,eval_policyOFF,4,5000.0,4960.0,11,2,2,4
run_001,policy_inclusive_healthcare,eval_policyOFF,4,5000.0,4960.0,12,2,6,7
run_001,policy_inclusive_healthcare,eval_policyOFF,4,5000.0,4960.0,13,6,5,5
run_001,policy_inclusive_healthcare,eval_policyOFF,4,5000.0,4960.0,14,5,6,5
run_001,policy_inclusive_healthcare,eval_policyOFF,5,4970.0,4950.0,0,3,2,2
run_001,policy_inclusive_healthcare,eval_policyOFF,5,4970.0,4950.0,1,5,6,5
run_001,policy_inclusive_healthcare,eval_policyOFF,5,4970.0,4950.0,2,2,6,7
run_001,policy_inclusive_healthcare,eval_policyOFF,5,4970.0,4950.0,3,2,4,2
run_001,policy_inclusive_healthcare,eval_policyOFF,5,4970.0,4950.0,4,0,3,0
run_001,policy_inclusive_healthcare,eval_policyOFF,5,4970.0,4950.0,5,2,2,4
run_001,policy_inclusive_healthcare,eval_policyOFF,5,4970.0,4950.0,6,2,6,7
run_001,policy_inclusive_healthcare,eval_policyOFF,5,4970.0,4950.0,7,2,4,4
run_001,policy_inclusive_healthcare,eval_policyOFF,5,4970.0,4950.0,8,3,5,6
run_001,policy_inclusive_healthcare,eval_policyOFF,5,4970.0,4950.0,9,2,6,7
run_001,policy_inclusive_healthcare,eval_policyOFF,5,4970.0,4950.0,10,3,2,2
run_001,policy_inclusive_healthcare,eval_policyOFF,5,4970.0,4950.0,11,2,2,4
run_001,policy_inclusive_healthcare,eval_policyOFF,5,4970.0,4950.0,12,2,6,7
run_001,policy_inclusive_healthcare,eval_policyOFF,5,4970.0,4950.0,13,6,5,5
run_001,policy_inclusive_healthcare,eval_policyOFF,5,4970.0,4950.0,14,5,6,5
run_001,policy_inclusive_healthcare,eval_policyOFF,6,4940.0,4940.0,0,3,2,2
run_001,policy_inclusive_healthcare,eval_policyOFF,6,4940.0,4940.0,1,5,6,5
run_001,policy_inclusive_healthcare,eval_policyOFF,6,4940.0,4940.0,2,2,6,7
run_001,policy_inclusive_healthcare,eval_policyOFF,6,4940.0,4940.0,3,2,4,2
run_001,policy_inclusive_healthcare,eval_policyOFF,6,4940.0,4940.0,4,0,3,0
run_001,policy_inclusive_healthcare,eval_policyOFF,6,4940.0,4940.0,5,2,2,4
run_001,policy_inclusive_healthcare,eval_policyOFF,6,4940.0,4940.0,6,2,6,7
run_001,policy_inclusive_healthcare,eval_policyOFF,6,4940.0,4940.0,7,2,4,4
run_001,policy_inclusive_healthcare,eval_policyOFF,6,4940.0,4940.0,8,3,5,6
run_001,policy_inclusive_healthcare,eval_policyOFF,6,4940.0,4940.0,9,2,6,7
run_001,policy_inclusive_healthcare,eval_policyOFF,6,4940.0,4940.0,10,3,2,2
run_001,policy_inclusive_healthcare,eval_policyOFF,6,4940.0,4940.0,11,2,2,4
run_001,policy_inclusive_healthcare,eval_policyOFF,6,4940.0,4940.0,12,2,6,7
run_001,policy_inclusive_healthcare,eval_policyOFF,6,4940.0,4940.0,13,6,5,5
run_001,policy_inclusive_healthcare,eval_policyOFF,6,4940.0,4940.0,14,5,6,5
run_001,policy_inclusive_healthcare,eval_policyOFF,7,4910.0,4930.0,0,3,2,2
run_001,policy_inclusive_healthcare,eval_policyOFF,7,4910.0,4930.0,1,5,6,5
run_001,policy_inclusive_healthcare,eval_policyOFF,7,4910.0,4930.0,2,2,6,7
run_001,policy_inclusive_healthcare,eval_policyOFF,7,4910.0,4930.0,3,2,4,2
run_001,policy_inclusive_healthcare,eval_policyOFF,7,4910.0,4930.0,4,0,3,0
run_001,policy_inclusive_healthcare,eval_policyOFF,7,4910.0,4930.0,5,2,2,4
run_001,policy_inclusive_healthcare,eval_policyOFF,7,4910.0,4930.0,6,2,6,7
run_001,policy_inclusive_healthcare,eval_policyOFF,7,4910.0,4930.0,7,2,4,4
run_001,policy_inclusive_healthcare,eval_policyOFF,7,4910.0,4930.0,8,3,5,6
run_001,policy_inclusive_healthcare,eval_policyOFF,7,4910.0,4930.0,9,2,6,7
run_001,policy_inclusive_healthcare,eval_policyOFF,7,4910.0,4930.0,10,3,2,2
run_001,policy_inclusive_healthcare,eval_policyOFF,7,4910.0,4930.0,11,2,2,4
run_001,policy_inclusive_healthcare,eval_policyOFF,7,4910.0,4930.0,12,2,6,7
run_001,policy_inclusive_healthcare,eval_policyOFF,7,4910.0,4930.0,13,6,5,5
run_001,policy_inclusive_healthcare,eval_policyOFF,7,4910.0,4930.0,14,5,6,5
run_001,policy_inclusive_healthcare,eval_policyOFF,8,4880.0,4920.0,0,3,2,2
run_001,policy_inclusive_healthcare,eval_policyOFF,8,4880.0,4920.0,1,5,6,5
run_001,policy_inclusive_healthcare,eval_policyOFF,8,4880.0,4920.0,2,2,6,7
run_001,policy_inclusive_healthcare,eval_policyOFF,8,4880.0,4920.0,3,2,4,2
run_001,policy_inclusive_healthcare,eval_policyOFF,8,4880.0,4920.0,4,0,3,0
run_001,policy_inclusive_healthcare,eval_policyOFF,8,4880.0,4920.0,5,2,2,4
run_001,policy_inclusive_healthcare,eval_policyOFF,8,4880.0,4920.0,6,2,6,7
run_001,policy_inclusive_healthcare,eval_policyOFF,8,4880.0,4920.0,7,2,4,4
run_001,policy_inclusive_healthcare,eval_policyOFF,8,4880.0,4920.0,8,3,5,6
run_001,policy_inclusive_healthcare,eval_policyOFF,8,4880.0,4920.0,9,2,6,7
run_001,policy_inclusive_healthcare,eval_policyOFF,8,4880.0,4920.0,10,3,2,2
run_001,policy_inclusive_healthcare,eval_policyOFF,8,4880.0,4920.0,11,2,2,4
run_001,policy_inclusive_healthcare,eval_policyOFF,8,4880.0,4920.0,12,2,6,7
run_001,policy_inclusive_healthcare,eval_policyOFF,8,4880.0,4920.0,13,6,5,5
run_001,policy_inclusive_healthcare,eval_policyOFF,8,4880.0,4920.0,14,5,6,5
run_001,policy_inclusive_healthcare,eval_policyOFF,9,4880.0,4910.0,0,3,2,2
run_001,policy_inclusive_healthcare,eval_policyOFF,9,4880.0,4910.0,1,5,6,5
run_001,policy_inclusive_healthcare,eval_policyOFF,9,4880.0,4910.0,2,2,6,7
run_001,policy_inclusive_healthcare,eval_policyOFF,9,4880.0,4910.0,3,2,4,2
run_001,policy_inclusive_healthcare,eval_policyOFF,9,4880.0,4910.0,4,0,3,0
run_001,policy_inclusive_healthcare,eval_policyOFF,9,4880.0,4910.0,5,2,2,4
run_001,policy_inclusive_healthcare,eval_policyOFF,9,4880.0,4910.0,6,2,6,7
run_001,policy_inclusive_healthcare,eval_policyOFF,9,4880.0,4910.0,7,2,4,4
run_001,policy_inclusive_healthcare,eval_policyOFF,9,4880.0,4910.0,8,3,5,6
run_001,policy_inclusive_healthcare,eval_policyOFF,9,4880.0,4910.0,9,2,6,7
run_001,policy_inclusive_healthcare,eval_policyOFF,9,4880.0,4910.0,10,3,2,2
run_001,policy_inclusive_healthcare,eval_policyOFF,9,4880.0,4910.0,11,2,2,4
run_001,policy_inclusive_healthcare,eval_policyOFF,9,4880.0,4910.0,12,2,6,7
run_001,policy_inclusive_healthcare,eval_policyOFF,9,4880.0,4910.0,13,6,5,5
run_001,policy_inclusive_healthcare,eval_policyOFF,9,4880.0,4910.0,14,5,6,5
run_001,policy_inclusive_healthcare,eval_policyOFF,10,4880.0,4900.0,0,3,2,2
run_001,policy_inclusive_healthcare,eval_policyOFF,10,4880.0,4900.0,1,5,6,5
run_001,policy_inclusive_healthcare,eval_policyOFF,10,4880.0,4900.0,2,2,6,7
run_001,policy_inclusive_healthcare,eval_policyOFF,10,4880.0,4900.0,3,2,4,2
run_001,policy_inclusive_healthcare,eval_policyOFF,10,4880.0,4900.0,4,0,3,0
run_001,policy_inclusive_healthcare,eval_policyOFF,10,4880.0,4900.0,5,2,2,4
run_001,policy_inclusive_healthcare,eval_policyOFF,10,4880.0,4900.0,6,2,6,7
run_001,policy_inclusive_healthcare,eval_policyOFF,10,4880.0,4900.0,7,2,4,4
run_001,policy_inclusive_healthcare,eval_policyOFF,10,4880.0,4900.0,8,3,5,6
run_001,policy_inclusive_healthcare,eval_policyOFF,10,4880.0,4900.0,9,2,6,7
run_001,policy_inclusive_healthcare,eval_policyOFF,10,4880.0,4900.0,10,3,2,2
run_001,policy_inclusive_healthcare,eval_policyOFF,10,4880.0,4900.0,11,2,2,4
run_001,policy_inclusive_healthcare,eval_policyOFF,10,4880.0,4900.0,12,2,6,7
run_001,policy_inclusive_healthcare,eval_policyOFF,10,4880.0,4900.0,13,6,5,5
run_001,policy_inclusive_healthcare,eval_policyOFF,10,4880.0,4900.0,14,5,6,5
run_001,policy_inclusive_healthcare,eval_policyOFF,11,4880.0,4890.0,0,3,2,2
run_001,policy_inclusive_healthcare,eval_policyOFF,11,4880.0,4890.0,1,5,6,5
run_001,policy_inclusive_healthcare,eval_policyOFF,11,4880.0,4890.0,2,2,6,7
run_001,policy_inclusive_healthcare,eval_policyOFF,11,4880.0,4890.0,3,2,4,2
run_001,policy_inclusive_healthcare,eval_policyOFF,11,4880.0,4890.0,4,0,3,0
run_001,policy_inclusive_healthcare,eval_policyOFF,11,4880.0,4890.0,5,2,2,4
run_001,policy_inclusive_healthcare,eval_policyOFF,11,4880.0,4890.0,6,2,6,7
run_001,policy_inclusive_healthcare,eval_policyOFF,11,4880.0,4890.0,7,2,4,4
run_001,policy_inclusive_healthcare,eval_policyOFF,11,4880.0,4890.0,8,3,5,6
run_001,policy_inclusive_healthcare,eval_policyOFF,11,4880.0,4890.0,9,2,6,7
run_001,policy_inclusive_healthcare,eval_policyOFF,11,4880.0,4890.0,10,3,2,2
run_001,policy_inclusive_healthcare,eval_policyOFF,11,4880.0,4890.0,11,2,2,4
run_001,policy_inclusive_healthcare,eval_policyOFF,11,4880.0,4890.0,12,2,6,7
run_001,policy_inclusive_healthcare,eval_policyOFF,11,4880.0,4890.0,13,6,5,5
run_001,policy_inclusive_healthcare,eval_policyOFF,11,4880.0,4890.0,14,5,6,5
run_001,policy_inclusive_healthcare,eval_policyOFF,12,4880.0,4880.0,0,3,2,2
run_001,policy_inclusive_healthcare,eval_policyOFF,12,4880.0,4880.0,1,5,6,5
run_001,policy_inclusive_healthcare,eval_policyOFF,12,4880.0,4880.0,2,2,6,7
run_001,policy_inclusive_healthcare,eval_policyOFF,12,4880.0,4880.0,3,2,4,2
run_001,policy_inclusive_healthcare,eval_policyOFF,12,4880.0,4880.0,4,0,3,0
run_001,policy_inclusive_healthcare,eval_policyOFF,12,4880.0,4880.0,5,2,2,4
run_001,policy_inclusive_healthcare,eval_policyOFF,12,4880.0,4880.0,6,2,6,7
run_001,policy_inclusive_healthcare,eval_policyOFF,12,4880.0,4880.0,7,2,4,4
run_001,policy_inclusive_healthcare,eval_policyOFF,12,4880.0,4880.0,8,3,5,6
run_001,policy_inclusive_healthcare,eval_policyOFF,12,4880.0,4880.0,9,2,6,7
run_001,policy_inclusive_healthcare,eval_policyOFF,12,4880.0,4880.0,10,3,2,2
run_001,policy_inclusive_healthcare,eval_policyOFF,12,4880.0,4880.0,11,2,2,4
run_001,policy_inclusive_healthcare,eval_policyOFF,12,4880.0,4880.0,12,2,6,7
run_001,policy_inclusive_healthcare,eval_policyOFF,12,4880.0,4880.0,13,6,5,5
run_001,policy_inclusive_healthcare,eval_policyOFF,12,4880.0,4880.0,14,5,6,5
run_001,policy_inclusive_healthcare,eval_policyOFF,13,4850.0,4870.0,0,3,2,2
run_001,policy_inclusive_healthcare,eval_policyOFF,13,4850.0,4870.0,1,5,6,5
run_001,policy_inclusive_healthcare,eval_policyOFF,13,4850.0,4870.0,2,2,6,7
run_001,policy_inclusive_healthcare,eval_policyOFF,13,4850.0,4870.0,3,2,4,2
run_001,policy_inclusive_healthcare,eval_policyOFF,13,4850.0,4870.0,4,0,3,0
run_001,policy_inclusive_healthcare,eval_policyOFF,13,4850.0,4870.0,5,2,2,4
run_001,policy_inclusive_healthcare,eval_policyOFF,13,4850.0,4870.0,6,2,6,7
run_001,policy_inclusive_healthcare,eval_policyOFF,13,4850.0,4870.0,7,2,4,4
run_001,policy_inclusive_healthcare,eval_policyOFF,13,4850.0,4870.0,8,3,5,6
run_001,policy_inclusive_healthcare,eval_policyOFF,13,4850.0,4870.0,9,2,6,7
run_001,policy_inclusive_healthcare,eval_policyOFF,13,4850.0,4870.0,10,3,2,2
run_001,policy_inclusive_healthcare,eval_policyOFF,13,4850.0,4870.0,11,2,2,4
run_001,policy_inclusive_healthcare,eval_policyOFF,13,4850.0,4870.0,12,2,6,7
run_001,policy_inclusive_healthcare,eval_policyOFF,13,4850.0,4870.0,13,6,5,5
run_001,policy_inclusive_healthcare,eval_policyOFF,13,4850.0,4870.0,14,5,6,5
run_001,policy_inclusive_healthcare,eval_policyOFF,14,4820.0,4860.0,0,3,2,2
run_001,policy_inclusive_healthcare,eval_policyOFF,14,4820.0,4860.0,1,5,6,5
run_001,policy_inclusive_healthcare,eval_policyOFF,14,4820.0,4860.0,2,2,6,7
run_001,policy_inclusive_healthcare,eval_policyOFF,14,4820.0,4860.0,3,2,4,2
run_001,policy_inclusive_healthcare,eval_policyOFF,14,4820.0,4860.0,4,0,3,0
run_001,policy_inclusive_healthcare,eval_policyOFF,14,4820.0,4860.0,5,2,2,4
run_001,policy_inclusive_healthcare,eval_policyOFF,14,4820.0,4860.0,6,2,6,7
run_001,policy_inclusive_healthcare,eval_policyOFF,14,4820.0,4860.0,7,2,4,4
run_001,policy_inclusive_healthcare,eval_policyOFF,14,4820.0,4860.0,8,3,5,6
run_001,policy_inclusive_healthcare,eval_policyOFF,14,4820.0,4860.0,9,2,6,7
run_001,policy_inclusive_healthcare,eval_policyOFF,14,4820.0,4860.0,10,3,2,2
run_001,policy_inclusive_healthcare,eval_policyOFF,14,4820.0,4860.0,11,2,2,4
run_001,policy_inclusive_healthcare,eval_policyOFF,14,4820.0,4860.0,12,2,6,7
run_001,policy_inclusive_healthcare,eval_policyOFF,14,4820.0,4860.0,13,6,5,5
run_001,policy_inclusive_healthcare,eval_policyOFF,14,4820.0,4860.0,14,5,6,5
run_001,policy_inclusive_healthcare,eval_policyOFF,15,4790.0,4850.0,0,3,2,2
run_001,policy_inclusive_healthcare,eval_policyOFF,15,4790.0,4850.0,1,5,6,5
run_001,policy_inclusive_healthcare,eval_policyOFF,15,4790.0,4850.0,2,2,6,7
run_001,policy_inclusive_healthcare,eval_policyOFF,15,4790.0,4850.0,3,2,4,2
run_001,policy_inclusive_healthcare,eval_policyOFF,15,4790.0,4850.0,4,0,3,0
run_001,policy_inclusive_healthcare,eval_policyOFF,15,4790.0,4850.0,5,2,2,4
run_001,policy_inclusive_healthcare,eval_policyOFF,15,4790.0,4850.0,6,2,6,7
run_001,policy_inclusive_healthcare,eval_policyOFF,15,4790.0,4850.0,7,2,4,4
run_001,policy_inclusive_healthcare,eval_policyOFF,15,4790.0,4850.0,8,3,5,6
run_001,policy_inclusive_healthcare,eval_policyOFF,15,4790.0,4850.0,9,2,6,7
run_001,policy_inclusive_healthcare,eval_policyOFF,15,4790.0,4850.0,10,3,2,2
run_001,policy_inclusive_healthcare,eval_policyOFF,15,4790.0,4850.0,11,2,2,4
run_001,policy_inclusive_healthcare,eval_policyOFF,15,4790.0,4850.0,12,2,6,7
run_001,policy_inclusive_healthcare,eval_policyOFF,15,4790.0,4850.0,13,6,5,5
run_001,policy_inclusive_healthcare,eval_policyOFF,15,4790.0,4850.0,14,5,6,5
run_001,policy_inclusive_healthcare,eval_policyOFF,16,4790.0,4840.0,0,3,2,2
run_001,policy_inclusive_healthcare,eval_policyOFF,16,4790.0,4840.0,1,5,6,5
run_001,policy_inclusive_healthcare,eval_policyOFF,16,4790.0,4840.0,2,2,6,7
run_001,policy_inclusive_healthcare,eval_policyOFF,16,4790.0,4840.0,3,2,4,2
run_001,policy_inclusive_healthcare,eval_policyOFF,16,4790.0,4840.0,4,0,3,0
run_001,policy_inclusive_healthcare,eval_policyOFF,16,4790.0,4840.0,5,2,2,4
run_001,policy_inclusive_healthcare,eval_policyOFF,16,4790.0,4840.0,6,2,6,7
run_001,policy_inclusive_healthcare,eval_policyOFF,16,4790.0,4840.0,7,2,4,4
run_001,policy_inclusive_healthcare,eval_policyOFF,16,4790.0,4840.0,8,3,5,6
run_001,policy_inclusive_healthcare,eval_policyOFF,16,4790.0,4840.0,9,2,6,7
run_001,policy_inclusive_healthcare,eval_policyOFF,16,4790.0,4840.0,10,3,2,2
run_001,policy_inclusive_healthcare,eval_policyOFF,16,4790.0,4840.0,11,2,2,4
run_001,policy_inclusive_healthcare,eval_policyOFF,16,4790.0,4840.0,12,2,6,7
run_001,policy_inclusive_healthcare,eval_policyOFF,16,4790.0,4840.0,13,6,5,5
run_001,policy_inclusive_healthcare,eval_policyOFF,16,4790.0,4840.0,14,5,6,5
run_001,policy_inclusive_healthcare,eval_policyOFF,17,4790.0,4830.0,0,3,2,2
run_001,policy_inclusive_healthcare,eval_policyOFF,17,4790.0,4830.0,1,5,6,5
run_001,policy_inclusive_healthcare,eval_policyOFF,17,4790.0,4830.0,2,2,6,7
run_001,policy_inclusive_healthcare,eval_policyOFF,17,4790.0,4830.0,3,2,4,2
run_001,policy_inclusive_healthcare,eval_policyOFF,17,4790.0,4830.0,4,0,3,0
run_001,policy_inclusive_healthcare,eval_policyOFF,17,4790.0,4830.0,5,2,2,4
run_001,policy_inclusive_healthcare,eval_policyOFF,17,4790.0,4830.0,6,2,6,7
run_001,policy_inclusive_healthcare,eval_policyOFF,17,4790.0,4830.0,7,2,4,4
run_001,policy_inclusive_healthcare,eval_policyOFF,17,4790.0,4830.0,8,3,5,6
run_001,policy_inclusive_healthcare,eval_policyOFF,17,4790.0,4830.0,9,2,6,7
run_001,policy_inclusive_healthcare,eval_policyOFF,17,4790.0,4830.0,10,3,2,2
run_001,policy_inclusive_healthcare,eval_policyOFF,17,4790.0,4830.0,11,2,2,4
run_001,policy_inclusive_healthcare,eval_policyOFF,17,4790.0,4830.0,12,2,6,7
run_001,policy_inclusive_healthcare,eval_policyOFF,17,4790.0,4830.0,13,6,5,5
run_001,policy_inclusive_healthcare,eval_policyOFF,17,4790.0,4830.0,14,5,6,5
run_001,policy_inclusive_healthcare,eval_policyOFF,18,4790.0,4820.0,0,3,2,2
run_001,policy_inclusive_healthcare,eval_policyOFF,18,4790.0,4820.0,1,5,6,5
run_001,policy_inclusive_healthcare,eval_policyOFF,18,4790.0,4820.0,2,2,6,7
run_001,policy_inclusive_healthcare,eval_policyOFF,18,4790.0,4820.0,3,2,4,2
run_001,policy_inclusive_healthcare,eval_policyOFF,18,4790.0,4820.0,4,0,3,0
run_001,policy_inclusive_healthcare,eval_policyOFF,18,4790.0,4820.0,5,2,2,4
run_001,policy_inclusive_healthcare,eval_policyOFF,18,4790.0,4820.0,6,2,6,7
run_001,policy_inclusive_healthcare,eval_policyOFF,18,4790.0,4820.0,7,2,4,4
run_001,policy_inclusive_healthcare,eval_policyOFF,18,4790.0,4820.0,8,3,5,6
run_001,policy_inclusive_healthcare,eval_policyOFF,18,4790.0,4820.0,9,2,6,7
run_001,policy_inclusive_healthcare,eval_policyOFF,18,4790.0,4820.0,10,3,2,2
run_001,policy_inclusive_healthcare,eval_policyOFF,18,4790.0,4820.0,11,2,2,4
run_001,policy_inclusive_healthcare,eval_policyOFF,18,4790.0,4820.0,12,2,6,7
run_001,policy_inclusive_healthcare,eval_policyOFF,18,4790.0,4820.0,13,6,5,5
run_001,policy_inclusive_healthcare,eval_policyOFF,18,4790.0,4820.0,14,5,6,5
run_001,policy_inclusive_healthcare,eval_policyOFF,19,4790.0,4810.0,0,3,2,2
run_001,policy_inclusive_healthcare,eval_policyOFF,19,4790.0,4810.0,1,5,6,5
run_001,policy_inclusive_healthcare,eval_policyOFF,19,4790.0,4810.0,2,2,6,7
run_001,policy_inclusive_healthcare,eval_policyOFF,19,4790.0,4810.0,3,2,4,2
run_001,policy_inclusive_healthcare,eval_policyOFF,19,4790.0,4810.0,4,0,3,0
run_001,policy_inclusive_healthcare,eval_policyOFF,19,4790.0,4810.0,5,2,2,4
run_001,policy_inclusive_healthcare,eval_policyOFF,19,4790.0,4810.0,6,2,6,7
run_001,policy_inclusive_healthcare,eval_policyOFF,19,4790.0,4810.0,7,2,4,4
run_001,policy_inclusive_healthcare,eval_policyOFF,19,4790.0,4810.0,8,3,5,6
run_001,policy_inclusive_healthcare,eval_policyOFF,19,4790.0,4810.0,9,2,6,7
run_001,policy_inclusive_healthcare,eval_policyOFF,19,4790.0,4810.0,10,3,2,2
run_001,policy_inclusive_healthcare,eval_policyOFF,19,4790.0,4810.0,11,2,2,4
run_001,policy_inclusive_healthcare,eval_policyOFF,19,4790.0,4810.0,12,2,6,7
run_001,policy_inclusive_healthcare,eval_policyOFF,19,4790.0,4810.0,13,6,5,5
run_001,policy_inclusive_healthcare,eval_policyOFF,19,4790.0,4810.0,14,5,6,5
run_001,policy_inclusive_healthcare,eval_policyOFF,20,4760.0,4800.0,0,3,2,2
run_001,policy_inclusive_healthcare,eval_policyOFF,20,4760.0,4800.0,1,5,6,5
run_001,policy_inclusive_healthcare,eval_policyOFF,20,4760.0,4800.0,2,2,6,7
run_001,policy_inclusive_healthcare,eval_policyOFF,20,4760.0,4800.0,3,2,4,2
run_001,policy_inclusive_healthcare,eval_policyOFF,20,4760.0,4800.0,4,0,3,0
run_001,policy_inclusive_healthcare,eval_policyOFF,20,4760.0,4800.0,5,2,2,4
run_001,policy_inclusive_healthcare,eval_policyOFF,20,4760.0,4800.0,6,2,6,7
run_001,policy_inclusive_healthcare,eval_policyOFF,20,4760.0,4800.0,7,2,4,4
run_001,policy_inclusive_healthcare,eval_policyOFF,20,4760.0,4800.0,8,3,5,6
run_001,policy_inclusive_healthcare,eval_policyOFF,20,4760.0,4800.0,9,2,6,7
run_001,policy_inclusive_healthcare,eval_policyOFF,20,4760.0,4800.0,10,3,2,2
run_001,policy_inclusive_healthcare,eval_policyOFF,20,4760.0,4800.0,11,2,2,4
run_001,policy_inclusive_healthcare,eval_policyOFF,20,4760.0,4800.0,12,2,6,7
run_001,policy_inclusive_healthcare,eval_policyOFF,20,4760.0,4800.0,13,6,5,5
run_001,policy_inclusive_healthcare,eval_policyOFF,20,4760.0,4800.0,14,5,6,5
run_001,policy_inclusive_healthcare,eval_policyOFF,21,4730.0,4790.0,0,3,2,2
run_001,policy_inclusive_healthcare,eval_policyOFF,21,4730.0,4790.0,1,5,6,5
run_001,policy_inclusive_healthcare,eval_policyOFF,21,4730.0,4790.0,2,2,6,7
run_001,policy_inclusive_healthcare,eval_policyOFF,21,4730.0,4790.0,3,2,4,2
run_001,policy_inclusive_healthcare,eval_policyOFF,21,4730.0,4790.0,4,0,3,0
run_001,policy_inclusive_healthcare,eval_policyOFF,21,4730.0,4790.0,5,2,2,4
run_001,policy_inclusive_healthcare,eval_policyOFF,21,4730.0,4790.0,6,2,6,7
run_001,policy_inclusive_healthcare,eval_policyOFF,21,4730.0,4790.0,7,2,4,4
run_001,policy_inclusive_healthcare,eval_policyOFF,21,4730.0,4790.0,8,3,5,6
run_001,policy_inclusive_healthcare,eval_policyOFF,21,4730.0,4790.0,9,2,6,7
run_001,policy_inclusive_healthcare,eval_policyOFF,21,4730.0,4790.0,10,3,2,2
run_001,policy_inclusive_healthcare,eval_policyOFF,21,4730.0,4790.0,11,2,2,4
run_001,policy_inclusive_healthcare,eval_policyOFF,21,4730.0,4790.0,12,2,6,7
run_001,policy_inclusive_healthcare,eval_policyOFF,21,4730.0,4790.0,13,6,5,5
run_001,policy_inclusive_healthcare,eval_policyOFF,21,4730.0,4790.0,14,5,6,5
run_001,policy_inclusive_healthcare,eval_policyOFF,22,3730.0,4780.0,0,3,2,2
run_001,policy_inclusive_healthcare,eval_policyOFF,22,3730.0,4780.0,1,5,6,5
run_001,policy_inclusive_healthcare,eval_policyOFF,22,3730.0,4780.0,2,2,6,7
run_001,policy_inclusive_healthcare,eval_policyOFF,22,3730.0,4780.0,3,2,4,2
run_001,policy_inclusive_healthcare,eval_policyOFF,22,3730.0,4780.0,4,0,3,0
run_001,policy_inclusive_healthcare,eval_policyOFF,22,3730.0,4780.0,5,2,2,4
run_001,policy_inclusive_healthcare,eval_policyOFF,22,3730.0,4780.0,6,2,6,7
run_001,policy_inclusive_healthcare,eval_policyOFF,22,3730.0,4780.0,7,2,4,4
run_001,policy_inclusive_healthcare,eval_policyOFF,22,3730.0,4780.0,8,3,5,6
run_001,policy_inclusive_healthcare,eval_policyOFF,22,3730.0,4780.0,9,2,6,7
run_001,policy_inclusive_healthcare,eval_policyOFF,22,3730.0,4780.0,10,3,2,2
run_001,policy_inclusive_healthcare,eval_policyOFF,22,3730.0,4780.0,11,2,2,4
run_001,policy_inclusive_healthcare,eval_policyOFF,22,3730.0,4780.0,12,2,6,7
run_001,policy_inclusive_healthcare,eval_policyOFF,22,3730.0,4780.0,13,6,5,5
run_001,policy_inclusive_healthcare,eval_policyOFF,22,3730.0,4780.0,14,5,6,5
run_001,policy_inclusive_healthcare,eval_policyOFF,23,3700.0,4770.0,0,3,2,2
run_001,policy_inclusive_healthcare,eval_policyOFF,23,3700.0,4770.0,1,5,6,5
run_001,policy_inclusive_healthcare,eval_policyOFF,23,3700.0,4770.0,2,2,6,7
run_001,policy_inclusive_healthcare,eval_policyOFF,23,3700.0,4770.0,3,2,4,2
run_001,policy_inclusive_healthcare,eval_policyOFF,23,3700.0,4770.0,4,0,3,0
run_001,policy_inclusive_healthcare,eval_policyOFF,23,3700.0,4770.0,5,2,2,4
run_001,policy_inclusive_healthcare,eval_policyOFF,23,3700.0,4770.0,6,2,6,7
run_001,policy_inclusive_healthcare,eval_policyOFF,23,3700.0,4770.0,7,2,4,4
run_001,policy_inclusive_healthcare,eval_policyOFF,23,3700.0,4770.0,8,3,5,6
run_001,policy_inclusive_healthcare,eval_policyOFF,23,3700.0,4770.0,9,2,6,7
run_001,policy_inclusive_healthcare,eval_policyOFF,23,3700.0,4770.0,10,3,2,2
run_001,policy_inclusive_healthcare,eval_policyOFF,23,3700.0,4770.0,11,2,2,4
run_001,policy_inclusive_healthcare,eval_policyOFF,23,3700.0,4770.0,12,2,6,7
run_001,policy_inclusive_healthcare,eval_policyOFF,23,3700.0,4770.0,13,6,5,5
run_001,policy_inclusive_healthcare,eval_policyOFF,23,3700.0,4770.0,14,5,6,5
run_001,policy_inclusive_healthcare,eval_policyOFF,24,3670.0,4760.0,0,3,2,2
run_001,policy_inclusive_healthcare,eval_policyOFF,24,3670.0,4760.0,1,5,6,5
run_001,policy_inclusive_healthcare,eval_policyOFF,24,3670.0,4760.0,2,2,6,7
run_001,policy_inclusive_healthcare,eval_policyOFF,24,3670.0,4760.0,3,2,4,2
run_001,policy_inclusive_healthcare,eval_policyOFF,24,3670.0,4760.0,4,0,3,0
run_001,policy_inclusive_healthcare,eval_policyOFF,24,3670.0,4760.0,5,2,2,4
run_001,policy_inclusive_healthcare,eval_policyOFF,24,3670.0,4760.0,6,2,6,7
run_001,policy_inclusive_healthcare,eval_policyOFF,24,3670.0,4760.0,7,2,4,4
run_001,policy_inclusive_healthcare,eval_policyOFF,24,3670.0,4760.0,8,3,5,6
run_001,policy_inclusive_healthcare,eval_policyOFF,24,3670.0,4760.0,9,2,6,7
run_001,policy_inclusive_healthcare,eval_policyOFF,24,3670.0,4760.0,10,3,2,2
run_001,policy_inclusive_healthcare,eval_policyOFF,24,3670.0,4760.0,11,2,2,4
run_001,policy_inclusive_healthcare,eval_policyOFF,24,3670.0,4760.0,12,2,6,7
run_001,policy_inclusive_healthcare,eval_policyOFF,24,3670.0,4760.0,13,6,5,5
run_001,policy_inclusive_healthcare,eval_policyOFF,24,3670.0,4760.0,14,5,6,5
run_001,policy_inclusive_healthcare,eval_policyOFF,25,3640.0,4750.0,0,3,2,2
run_001,policy_inclusive_healthcare,eval_policyOFF,25,3640.0,4750.0,1,5,6,5
run_001,policy_inclusive_healthcare,eval_policyOFF,25,3640.0,4750.0,2,2,6,7
run_001,policy_inclusive_healthcare,eval_policyOFF,25,3640.0,4750.0,3,2,4,2
run_001,policy_inclusive_healthcare,eval_policyOFF,25,3640.0,4750.0,4,0,3,0
run_001,policy_inclusive_healthcare,eval_policyOFF,25,3640.0,4750.0,5,2,2,4
run_001,policy_inclusive_healthcare,eval_policyOFF,25,3640.0,4750.0,6,2,6,7
run_001,policy_inclusive_healthcare,eval_policyOFF,25,3640.0,4750.0,7,2,4,4
run_001,policy_inclusive_healthcare,eval_policyOFF,25,3640.0,4750.0,8,3,5,6
run_001,policy_inclusive_healthcare,eval_policyOFF,25,3640.0,4750.0,9,2,6,7
run_001,policy_inclusive_healthcare,eval_policyOFF,25,3640.0,4750.0,10,3,2,2
run_001,policy_inclusive_healthcare,eval_policyOFF,25,3640.0,4750.0,11,2,2,4
run_001,policy_inclusive_healthcare,eval_policyOFF,25,3640.0,4750.0,12,2,6,7
run_001,policy_inclusive_healthcare,eval_policyOFF,25,3640.0,4750.0,13,6,5,5
run_001,policy_inclusive_healthcare,eval_policyOFF,25,3640.0,4750.0,14,5,6,5
run_001,policy_inclusive_healthcare,eval_policyOFF,26,2640.0,4740.0,0,3,2,2
run_001,policy_inclusive_healthcare,eval_policyOFF,26,2640.0,4740.0,1,5,6,5
run_001,policy_inclusive_healthcare,eval_policyOFF,26,2640.0,4740.0,2,2,6,7
run_001,policy_inclusive_healthcare,eval_policyOFF,26,2640.0,4740.0,3,2,4,2
run_001,policy_inclusive_healthcare,eval_policyOFF,26,2640.0,4740.0,4,0,3,0
run_001,policy_inclusive_healthcare,eval_policyOFF,26,2640.0,4740.0,5,2,2,4
run_001,policy_inclusive_healthcare,eval_policyOFF,26,2640.0,4740.0,6,2,6,7
run_001,policy_inclusive_healthcare,eval_policyOFF,26,2640.0,4740.0,7,2,4,4
run_001,policy_inclusive_healthcare,eval_policyOFF,26,2640.0,4740.0,8,3,5,6
run_001,policy_inclusive_healthcare,eval_policyOFF,26,2640.0,4740.0,9,2,6,7
run_001,policy_inclusive_healthcare,eval_policyOFF,26,2640.0,4740.0,10,3,2,2
run_001,policy_inclusive_healthcare,eval_policyOFF,26,2640.0,4740.0,11,2,2,4
run_001,policy_inclusive_healthcare,eval_policyOFF,26,2640.0,4740.0,12,2,6,7
run_001,policy_inclusive_healthcare,eval_policyOFF,26,2640.0,4740.0,13,6,5,5
run_001,policy_inclusive_healthcare,eval_policyOFF,26,2640.0,4740.0,14,5,6,5
run_001,policy_inclusive_healthcare,eval_policyOFF,27,2610.0,4730.0,0,3,2,2
run_001,policy_inclusive_healthcare,eval_policyOFF,27,2610.0,4730.0,1,5,6,5
run_001,policy_inclusive_healthcare,eval_policyOFF,27,2610.0,4730.0,2,2,6,7
run_001,policy_inclusive_healthcare,eval_policyOFF,27,2610.0,4730.0,3,2,4,2
run_001,policy_inclusive_healthcare,eval_policyOFF,27,2610.0,4730.0,4,0,3,0
run_001,policy_inclusive_healthcare,eval_policyOFF,27,2610.0,4730.0,5,2,2,4
run_001,policy_inclusive_healthcare,eval_policyOFF,27,2610.0,4730.0,6,2,6,7
run_001,policy_inclusive_healthcare,eval_policyOFF,27,2610.0,4730.0,7,2,4,4
run_001,policy_inclusive_healthcare,eval_policyOFF,27,2610.0,4730.0,8,3,5,6
run_001,policy_inclusive_healthcare,eval_policyOFF,27,2610.0,4730.0,9,2,6,7
run_001,policy_inclusive_healthcare,eval_policyOFF,27,2610.0,4730.0,10,3,2,2
run_001,policy_inclusive_healthcare,eval_policyOFF,27,2610.0,4730.0,11,2,2,4
run_001,policy_inclusive_healthcare,eval_policyOFF,27,2610.0,4730.0,12,2,6,7
run_001,policy_inclusive_healthcare,eval_policyOFF,27,2610.0,4730.0,13,6,5,5
run_001,policy_inclusive_healthcare,eval_policyOFF,27,2610.0,4730.0,14,5,6,5
run_001,policy_inclusive_healthcare,eval_policyOFF,28,2580.0,4720.0,0,3,2,2
run_001,policy_inclusive_healthcare,eval_policyOFF,28,2580.0,4720.0,1,5,6,5
run_001,policy_inclusive_healthcare,eval_policyOFF,28,2580.0,4720.0,2,2,6,7
run_001,policy_inclusive_healthcare,eval_policyOFF,28,2580.0,4720.0,3,2,4,2
run_001,policy_inclusive_healthcare,eval_policyOFF,28,2580.0,4720.0,4,0,3,0
run_001,policy_inclusive_healthcare,eval_policyOFF,28,2580.0,4720.0,5,2,2,4
run_001,policy_inclusive_healthcare,eval_policyOFF,28,2580.0,4720.0,6,2,6,7
run_001,policy_inclusive_healthcare,eval_policyOFF,28,2580.0,4720.0,7,2,4,4
run_001,policy_inclusive_healthcare,eval_policyOFF,28,2580.0,4720.0,8,3,5,6
run_001,policy_inclusive_healthcare,eval_policyOFF,28,2580.0,4720.0,9,2,6,7
run_001,policy_inclusive_healthcare,eval_policyOFF,28,2580.0,4720.0,10,3,2,2
run_001,policy_inclusive_healthcare,eval_policyOFF,28,2580.0,4720.0,11,2,2,4
run_001,policy_inclusive_healthcare,eval_policyOFF,28,2580.0,4720.0,12,2,6,7
run_001,policy_inclusive_healthcare,eval_policyOFF,28,2580.0,4720.0,13,6,5,5
run_001,policy_inclusive_healthcare,eval_policyOFF,28,2580.0,4720.0,14,5,6,5
run_001,policy_inclusive_healthcare,eval_policyOFF,29,2550.0,4710.0,0,3,2,2
run_001,policy_inclusive_healthcare,eval_policyOFF,29,2550.0,4710.0,1,5,6,5
run_001,policy_inclusive_healthcare,eval_policyOFF,29,2550.0,4710.0,2,2,6,7
run_001,policy_inclusive_healthcare,eval_policyOFF,29,2550.0,4710.0,3,2,4,2
run_001,policy_inclusive_healthcare,eval_policyOFF,29,2550.0,4710.0,4,0,3,0
run_001,policy_inclusive_healthcare,eval_policyOFF,29,2550.0,4710.0,5,2,2,4
run_001,policy_inclusive_healthcare,eval_policyOFF,29,2550.0,4710.0,6,2,6,7
run_001,policy_inclusive_healthcare,eval_policyOFF,29,2550.0,4710.0,7,2,4,4
run_001,policy_inclusive_healthcare,eval_policyOFF,29,2550.0,4710.0,8,3,5,6
run_001,policy_inclusive_healthcare,eval_policyOFF,29,2550.0,4710.0,9,2,6,7
run_001,policy_inclusive_healthcare,eval_policyOFF,29,2550.0,4710.0,10,3,2,2
run_001,policy_inclusive_healthcare,eval_policyOFF,29,2550.0,4710.0,11,2,2,4
run_001,policy_inclusive_healthcare,eval_policyOFF,29,2550.0,4710.0,12,2,6,7
run_001,policy_inclusive_healthcare,eval_policyOFF,29,2550.0,4710.0,13,6,5,5
run_001,policy_inclusive_healthcare,eval_policyOFF,29,2550.0,4710.0,14,5,6,5
run_001,policy_inclusive_healthcare,eval_policyOFF,30,2520.0,4700.0,0,3,2,2
run_001,policy_inclusive_healthcare,eval_policyOFF,30,2520.0,4700.0,1,5,6,5
run_001,policy_inclusive_healthcare,eval_policyOFF,30,2520.0,4700.0,2,2,6,7
run_001,policy_inclusive_healthcare,eval_policyOFF,30,2520.0,4700.0,3,2,4,2
run_001,policy_inclusive_healthcare,eval_policyOFF,30,2520.0,4700.0,4,0,3,0
run_001,policy_inclusive_healthcare,eval_policyOFF,30,2520.0,4700.0,5,2,2,4
run_001,policy_inclusive_healthcare,eval_policyOFF,30,2520.0,4700.0,6,2,6,7
run_001,policy_inclusive_healthcare,eval_policyOFF,30,2520.0,4700.0,7,2,4,4
run_001,policy_inclusive_healthcare,eval_policyOFF,30,2520.0,4700.0,8,3,5,6
run_001,policy_inclusive_healthcare,eval_policyOFF,30,2520.0,4700.0,9,2,6,7
run_001,policy_inclusive_healthcare,eval_policyOFF,30,2520.0,4700.0,10,3,2,2
run_001,policy_inclusive_healthcare,eval_policyOFF,30,2520.0,4700.0,11,2,2,4
run_001,policy_inclusive_healthcare,eval_policyOFF,30,2520.0,4700.0,12,2,6,7
run_001,policy_inclusive_healthcare,eval_policyOFF,30,2520.0,4700.0,13,6,5,5
run_001,policy_inclusive_healthcare,eval_policyOFF,30,2520.0,4700.0,14,5,6,5
run_001,policy_inclusive_healthcare,eval_policyOFF,31,2490.0,4690.0,0,3,2,2
run_001,policy_inclusive_healthcare,eval_policyOFF,31,2490.0,4690.0,1,5,6,5
run_001,policy_inclusive_healthcare,eval_policyOFF,31,2490.0,4690.0,2,2,6,7
run_001,policy_inclusive_healthcare,eval_policyOFF,31,2490.0,4690.0,3,2,4,2
run_001,policy_inclusive_healthcare,eval_policyOFF,31,2490.0,4690.0,4,0,3,0
run_001,policy_inclusive_healthcare,eval_policyOFF,31,2490.0,4690.0,5,2,2,4
run_001,policy_inclusive_healthcare,eval_policyOFF,31,2490.0,4690.0,6,2,6,7
run_001,policy_inclusive_healthcare,eval_policyOFF,31,2490.0,4690.0,7,2,4,4
run_001,policy_inclusive_healthcare,eval_policyOFF,31,2490.0,4690.0,8,3,5,6
run_001,policy_inclusive_healthcare,eval_policyOFF,31,2490.0,4690.0,9,2,6,7
run_001,policy_inclusive_healthcare,eval_policyOFF,31,2490.0,4690.0,10,3,2,2
run_001,policy_inclusive_healthcare,eval_policyOFF,31,2490.0,4690.0,11,2,2,4
run_001,policy_inclusive_healthcare,eval_policyOFF,31,2490.0,4690.0,12,2,6,7
run_001,policy_inclusive_healthcare,eval_policyOFF,31,2490.0,4690.0,13,6,5,5
run_001,policy_inclusive_healthcare,eval_policyOFF,31,2490.0,4690.0,14,5,6,5
run_001,policy_inclusive_healthcare,eval_policyOFF,32,2460.0,4680.0,0,3,2,2
run_001,policy_inclusive_healthcare,eval_policyOFF,32,2460.0,4680.0,1,5,6,5
run_001,policy_inclusive_healthcare,eval_policyOFF,32,2460.0,4680.0,2,2,6,7
run_001,policy_inclusive_healthcare,eval_policyOFF,32,2460.0,4680.0,3,2,4,2
run_001,policy_inclusive_healthcare,eval_policyOFF,32,2460.0,4680.0,4,0,3,0
run_001,policy_inclusive_healthcare,eval_policyOFF,32,2460.0,4680.0,5,2,2,4
run_001,policy_inclusive_healthcare,eval_policyOFF,32,2460.0,4680.0,6,2,6,7
run_001,policy_inclusive_healthcare,eval_policyOFF,32,2460.0,4680.0,7,2,4,4
run_001,policy_inclusive_healthcare,eval_policyOFF,32,2460.0,4680.0,8,3,5,6
run_001,policy_inclusive_healthcare,eval_policyOFF,32,2460.0,4680.0,9,2,6,7
run_001,policy_inclusive_healthcare,eval_policyOFF,32,2460.0,4680.0,10,3,2,2
run_001,policy_inclusive_healthcare,eval_policyOFF,32,2460.0,4680.0,11,2,2,4
run_001,policy_inclusive_healthcare,eval_policyOFF,32,2460.0,4680.0,12,2,6,7
run_001,policy_inclusive_healthcare,eval_policyOFF,32,2460.0,4680.0,13,6,5,5
run_001,policy_inclusive_healthcare,eval_policyOFF,32,2460.0,4680.0,14,5,6,5
